,0,1,2,3,4,5
0,11700,2021,VNL,Pool 1 - Preliminary Phase - Men #1,France,Bulgaria
0,11701,2021,VNL,Pool 1 - Preliminary Phase - Men #2,Germany,Australia
0,11702,2021,VNL,Pool 1 - Preliminary Phase - Men #3,Japan,Iran
0,11703,2021,VNL,Pool 1 - Preliminary Phase - Men #4,Serbia,Slovenia
0,11704,2021,VNL,Pool 1 - Preliminary Phase - Men #5,Netherlands,Russia
0,11705,2021,VNL,Pool 1 - Preliminary Phase - Men #6,USA,Canada
0,11706,2021,VNL,Pool 1 - Preliminary Phase - Men #7,Poland,Italy
0,11707,2021,VNL,Pool 1 - Preliminary Phase - Men #8,Brazil,Argentina
0,11708,2021,VNL,Pool 1 - Preliminary Phase - Men #9,Germany,France
0,11709,2021,VNL,Pool 1 - Preliminary Phase - Men #10,Iran,Russia
0,11710,2021,VNL,Pool 1 - Preliminary Phase - Men #11,Netherlands,Japan
0,11711,2021,VNL,Pool 1 - Preliminary Phase - Men #12,Australia,Bulgaria
0,11712,2021,VNL,Pool 1 - Preliminary Phase - Men #13,Poland,Serbia
0,11713,2021,VNL,Pool 1 - Preliminary Phase - Men #14,Italy,Slovenia
0,11714,2021,VNL,Pool 1 - Preliminary Phase - Men #15,Argentina,Canada
0,11715,2021,VNL,Pool 1 - Preliminary Phase - Men #16,USA,Brazil
0,11716,2021,VNL,Pool 1 - Preliminary Phase - Men #17,Australia,France
0,11717,2021,VNL,Pool 1 - Preliminary Phase - Men #18,Netherlands,Iran
0,11718,2021,VNL,Pool 1 - Preliminary Phase - Men #19,Germany,Bulgaria
0,11719,2021,VNL,Pool 1 - Preliminary Phase - Men #20,Russia,Japan
0,11720,2021,VNL,Pool 1 - Preliminary Phase - Men #21,USA,Argentina
0,11721,2021,VNL,Pool 1 - Preliminary Phase - Men #22,Canada,Brazil
0,11722,2021,VNL,Pool 1 - Preliminary Phase - Men #23,Poland,Slovenia
0,11723,2021,VNL,Pool 1 - Preliminary Phase - Men #24,Serbia,Italy
0,11724,2021,VNL,Pool 2 - Preliminary Phase - Men #25,Germany,Argentina
0,11725,2021,VNL,Pool 2 - Preliminary Phase - Men #26,Iran,Canada
0,11726,2021,VNL,Pool 2 - Preliminary Phase - Men #27,Japan,Serbia
0,11727,2021,VNL,Pool 2 - Preliminary Phase - Men #28,Brazil,France
0,11728,2021,VNL,Pool 2 - Preliminary Phase - Men #29,Netherlands,Slovenia
0,11729,2021,VNL,Pool 2 - Preliminary Phase - Men #30,Australia,Poland
0,11730,2021,VNL,Pool 2 - Preliminary Phase - Men #31,Italy,Bulgaria
0,11731,2021,VNL,Pool 2 - Preliminary Phase - Men #32,Russia,USA
0,11732,2021,VNL,Pool 2 - Preliminary Phase - Men #33,Argentina,Slovenia
0,11733,2021,VNL,Pool 2 - Preliminary Phase - Men #34,Netherlands,Germany
0,11734,2021,VNL,Pool 2 - Preliminary Phase - Men #35,Brazil,Japan
0,11735,2021,VNL,Pool 2 - Preliminary Phase - Men #36,Serbia,France
0,11736,2021,VNL,Pool 2 - Preliminary Phase - Men #37,Iran,Italy
0,11737,2021,VNL,Pool 2 - Preliminary Phase - Men #38,Poland,USA
0,11738,2021,VNL,Pool 2 - Preliminary Phase - Men #39,Russia,Australia
0,11739,2021,VNL,Pool 2 - Preliminary Phase - Men #40,Canada,Bulgaria
0,11740,2021,VNL,Pool 2 - Preliminary Phase - Men #41,Netherlands,Argentina
0,11741,2021,VNL,Pool 2 - Preliminary Phase - Men #42,Slovenia,Germany
0,11742,2021,VNL,Pool 2 - Preliminary Phase - Men #43,France,Japan
0,11743,2021,VNL,Pool 2 - Preliminary Phase - Men #44,Brazil,Serbia
0,11744,2021,VNL,Pool 2 - Preliminary Phase - Men #45,Russia,Poland
0,11745,2021,VNL,Pool 2 - Preliminary Phase - Men #46,USA,Australia
0,11746,2021,VNL,Pool 2 - Preliminary Phase - Men #47,Bulgaria,Iran
0,11747,2021,VNL,Pool 2 - Preliminary Phase - Men #48,Canada,Italy
0,11748,2021,VNL,Pool 3 - Preliminary Phase - Men #49,Serbia,Germany
0,11749,2021,VNL,Pool 3 - Preliminary Phase - Men #50,Japan,Australia
0,11750,2021,VNL,Pool 3 - Preliminary Phase - Men #51,France,Russia
0,11751,2021,VNL,Pool 3 - Preliminary Phase - Men #52,Slovenia,Canada
0,11752,2021,VNL,Pool 3 - Preliminary Phase - Men #53,Argentina,Italy
0,11753,2021,VNL,Pool 3 - Preliminary Phase - Men #54,Iran,USA
0,11754,2021,VNL,Pool 3 - Preliminary Phase - Men #55,Poland,Bulgaria
0,11755,2021,VNL,Pool 3 - Preliminary Phase - Men #56,Netherlands,Brazil
0,11756,2021,VNL,Pool 3 - Preliminary Phase - Men #57,Serbia,Iran
0,11757,2021,VNL,Pool 3 - Preliminary Phase - Men #58,Russia,Canada
0,11758,2021,VNL,Pool 3 - Preliminary Phase - Men #59,France,Slovenia
0,11759,2021,VNL,Pool 3 - Preliminary Phase - Men #60,Argentina,Australia
0,11760,2021,VNL,Pool 3 - Preliminary Phase - Men #61,Germany,USA
0,11761,2021,VNL,Pool 3 - Preliminary Phase - Men #62,Bulgaria,Brazil
0,11762,2021,VNL,Pool 3 - Preliminary Phase - Men #63,Japan,Italy
0,11763,2021,VNL,Pool 3 - Preliminary Phase - Men #64,Poland,Netherlands
0,11764,2021,VNL,Pool 3 - Preliminary Phase - Men #65,Iran,Germany
0,11765,2021,VNL,Pool 3 - Preliminary Phase - Men #66,Slovenia,Russia
0,11766,2021,VNL,Pool 3 - Preliminary Phase - Men #67,Japan,Argentina
0,11767,2021,VNL,Pool 3 - Preliminary Phase - Men #68,Netherlands,Bulgaria
0,11768,2021,VNL,Pool 3 - Preliminary Phase - Men #69,Australia,Italy
0,11769,2021,VNL,Pool 3 - Preliminary Phase - Men #70,USA,Serbia
0,11770,2021,VNL,Pool 3 - Preliminary Phase - Men #71,Canada,France
0,11771,2021,VNL,Pool 3 - Preliminary Phase - Men #72,Poland,Brazil
0,11772,2021,VNL,Pool 4 - Preliminary Phase - Men #73,Russia,Serbia
0,11773,2021,VNL,Pool 4 - Preliminary Phase - Men #74,Iran,Australia
0,11774,2021,VNL,Pool 4 - Preliminary Phase - Men #75,Argentina,Bulgaria
0,11775,2021,VNL,Pool 4 - Preliminary Phase - Men #76,Japan,Germany
0,11776,2021,VNL,Pool 4 - Preliminary Phase - Men #77,Italy,USA
0,11777,2021,VNL,Pool 4 - Preliminary Phase - Men #78,Canada,Poland
0,11778,2021,VNL,Pool 4 - Preliminary Phase - Men #79,Brazil,Slovenia
0,11779,2021,VNL,Pool 4 - Preliminary Phase - Men #80,Netherlands,France
0,11780,2021,VNL,Pool 4 - Preliminary Phase - Men #81,Argentina,Russia
0,11781,2021,VNL,Pool 4 - Preliminary Phase - Men #82,Serbia,Bulgaria
0,11782,2021,VNL,Pool 4 - Preliminary Phase - Men #83,Slovenia,Australia
0,11783,2021,VNL,Pool 4 - Preliminary Phase - Men #84,Japan,Poland
0,11784,2021,VNL,Pool 4 - Preliminary Phase - Men #85,Netherlands,Italy
0,11785,2021,VNL,Pool 4 - Preliminary Phase - Men #86,Canada,Germany
0,11786,2021,VNL,Pool 4 - Preliminary Phase - Men #87,USA,France
0,11787,2021,VNL,Pool 4 - Preliminary Phase - Men #88,Iran,Brazil
0,11788,2021,VNL,Pool 4 - Preliminary Phase - Men #89,Argentina,Serbia
0,11789,2021,VNL,Pool 4 - Preliminary Phase - Men #90,Bulgaria,Russia
0,11790,2021,VNL,Pool 4 - Preliminary Phase - Men #91,Japan,Canada
0,11791,2021,VNL,Pool 4 - Preliminary Phase - Men #92,Australia,Brazil
0,11792,2021,VNL,Pool 4 - Preliminary Phase - Men #93,Iran,Slovenia
0,11793,2021,VNL,Pool 4 - Preliminary Phase - Men #94,Netherlands,USA
0,11794,2021,VNL,Pool 4 - Preliminary Phase - Men #95,France,Italy
0,11795,2021,VNL,Pool 4 - Preliminary Phase - Men #96,Germany,Poland
0,11796,2021,VNL,Pool 5 - Preliminary Phase - Men #97,Australia,Serbia
0,11797,2021,VNL,Pool 5 - Preliminary Phase - Men #98,Japan,Bulgaria
0,11798,2021,VNL,Pool 5 - Preliminary Phase - Men #99,France,Iran
0,11799,2021,VNL,Pool 5 - Preliminary Phase - Men #100,Canada,Netherlands
0,11800,2021,VNL,Pool 5 - Preliminary Phase - Men #101,Brazil,Italy
0,11801,2021,VNL,Pool 5 - Preliminary Phase - Men #102,Slovenia,USA
0,11802,2021,VNL,Pool 5 - Preliminary Phase - Men #103,Poland,Argentina
0,11803,2021,VNL,Pool 5 - Preliminary Phase - Men #104,Germany,Russia
0,11804,2021,VNL,Pool 5 - Preliminary Phase - Men #105,Canada,Australia
0,11805,2021,VNL,Pool 5 - Preliminary Phase - Men #106,Serbia,Netherlands
0,11806,2021,VNL,Pool 5 - Preliminary Phase - Men #107,Bulgaria,USA
0,11807,2021,VNL,Pool 5 - Preliminary Phase - Men #108,Iran,Poland
0,11808,2021,VNL,Pool 5 - Preliminary Phase - Men #109,Japan,Slovenia
0,11809,2021,VNL,Pool 5 - Preliminary Phase - Men #110,France,Argentina
0,11810,2021,VNL,Pool 5 - Preliminary Phase - Men #111,Brazil,Germany
0,11811,2021,VNL,Pool 5 - Preliminary Phase - Men #112,Russia,Italy
0,11812,2021,VNL,Pool 5 - Preliminary Phase - Men #113,Australia,Netherlands
0,11813,2021,VNL,Pool 5 - Preliminary Phase - Men #114,Canada,Serbia
0,11814,2021,VNL,Pool 5 - Preliminary Phase - Men #115,USA,Japan
0,11815,2021,VNL,Pool 5 - Preliminary Phase - Men #116,France,Poland
0,11816,2021,VNL,Pool 5 - Preliminary Phase - Men #117,Iran,Argentina
0,11817,2021,VNL,Pool 5 - Preliminary Phase - Men #118,Slovenia,Bulgaria
0,11818,2021,VNL,Pool 5 - Preliminary Phase - Men #119,Italy,Germany
0,11819,2021,VNL,Pool 5 - Preliminary Phase - Men #120,Brazil,Russia
0,11820,2021,VNL,Semi-finals - Final Round - Men #121,Brazil,France
0,11821,2021,VNL,Semi-finals - Final Round - Men #122,Poland,Slovenia
0,11822,2021,VNL,3rd Place - Final Round - Men #123,France,Slovenia
0,11823,2021,VNL,Final - Final Round - Men #124,Brazil,Poland
0,13650,2022,VNL,Pool 1 - Week 1 - Men #1,China,Iran
0,13651,2022,VNL,Pool 1 - Week 1 - Men #2,Slovenia,USA
0,13652,2022,VNL,Pool 2 - Week 1 - Men #3,Bulgaria,Serbia
0,13653,2022,VNL,Pool 2 - Week 1 - Men #4,Canada,Germany
0,13654,2022,VNL,Pool 1 - Week 1 - Men #5,Japan,Netherlands
0,13655,2022,VNL,Pool 1 - Week 1 - Men #6,Brazil,Australia
0,13656,2022,VNL,Pool 2 - Week 1 - Men #7,Poland,Argentina
0,13657,2022,VNL,Pool 2 - Week 1 - Men #8,France,Italy
0,13658,2022,VNL,Pool 1 - Week 1 - Men #9,Japan,China
0,13659,2022,VNL,Pool 1 - Week 1 - Men #10,Netherlands,USA
0,13660,2022,VNL,Pool 1 - Week 1 - Men #11,Brazil,Slovenia
0,13661,2022,VNL,Pool 2 - Week 1 - Men #12,Germany,Argentina
0,13662,2022,VNL,Pool 2 - Week 1 - Men #13,Serbia,France
0,13663,2022,VNL,Pool 2 - Week 1 - Men #14,Poland,Italy
0,13664,2022,VNL,Pool 1 - Week 1 - Men #15,Netherlands,Iran
0,13665,2022,VNL,Pool 1 - Week 1 - Men #16,Japan,USA
0,13666,2022,VNL,Pool 1 - Week 1 - Men #17,Australia,Slovenia
0,13667,2022,VNL,Pool 2 - Week 1 - Men #18,Serbia,Argentina
0,13668,2022,VNL,Pool 2 - Week 1 - Men #19,Bulgaria,Germany
0,13669,2022,VNL,Pool 2 - Week 1 - Men #20,France,Canada
0,13670,2022,VNL,Pool 1 - Week 1 - Men #21,USA,Brazil
0,13671,2022,VNL,Pool 1 - Week 1 - Men #22,Slovenia,China
0,13672,2022,VNL,Pool 1 - Week 1 - Men #23,Iran,Australia
0,13673,2022,VNL,Pool 2 - Week 1 - Men #24,Germany,Serbia
0,13674,2022,VNL,Pool 2 - Week 1 - Men #25,Bulgaria,Poland
0,13675,2022,VNL,Pool 2 - Week 1 - Men #26,Canada,Italy
0,13676,2022,VNL,Pool 1 - Week 1 - Men #27,Brazil,China
0,13677,2022,VNL,Pool 1 - Week 1 - Men #28,Iran,Japan
0,13678,2022,VNL,Pool 1 - Week 1 - Men #29,Netherlands,Australia
0,13679,2022,VNL,Pool 2 - Week 1 - Men #30,France,Poland
0,13680,2022,VNL,Pool 2 - Week 1 - Men #31,Argentina,Italy
0,13681,2022,VNL,Pool 2 - Week 1 - Men #32,Bulgaria,Canada
0,13682,2022,VNL,Pool 3 - Week 2 - Men #33,Slovenia,Netherlands
0,13683,2022,VNL,Pool 3 - Week 2 - Men #34,Argentina,Japan
0,13684,2022,VNL,Pool 4 - Week 2 - Men #35,Australia,Canada
0,13685,2022,VNL,Pool 4 - Week 2 - Men #36,Iran,Bulgaria
0,13686,2022,VNL,Pool 3 - Week 2 - Men #37,China,France
0,13687,2022,VNL,Pool 3 - Week 2 - Men #38,Germany,Italy
0,13688,2022,VNL,Pool 4 - Week 2 - Men #39,Brazil,Poland
0,13689,2022,VNL,Pool 4 - Week 2 - Men #40,Serbia,USA
0,13690,2022,VNL,Pool 3 - Week 2 - Men #41,France,Netherlands
0,13691,2022,VNL,Pool 3 - Week 2 - Men #42,China,Germany
0,13692,2022,VNL,Pool 3 - Week 2 - Men #43,Argentina,Slovenia
0,13693,2022,VNL,Pool 4 - Week 2 - Men #44,Poland,Canada
0,13694,2022,VNL,Pool 4 - Week 2 - Men #45,Serbia,Brazil
0,13695,2022,VNL,Pool 4 - Week 2 - Men #46,USA,Iran
0,13696,2022,VNL,Pool 3 - Week 2 - Men #47,Germany,Netherlands
0,13697,2022,VNL,Pool 3 - Week 2 - Men #48,Argentina,China
0,13698,2022,VNL,Pool 3 - Week 2 - Men #49,Japan,Italy
0,13699,2022,VNL,Pool 4 - Week 2 - Men #50,Serbia,Canada
0,13700,2022,VNL,Pool 4 - Week 2 - Men #51,Iran,Brazil
0,13701,2022,VNL,Pool 4 - Week 2 - Men #52,Australia,Bulgaria
0,13702,2022,VNL,Pool 3 - Week 2 - Men #53,Argentina,Netherlands
0,13703,2022,VNL,Pool 3 - Week 2 - Men #54,Japan,France
0,13704,2022,VNL,Pool 3 - Week 2 - Men #55,Italy,Slovenia
0,13705,2022,VNL,Pool 4 - Week 2 - Men #56,Canada,Iran
0,13706,2022,VNL,Pool 4 - Week 2 - Men #57,Poland,Australia
0,13707,2022,VNL,Pool 4 - Week 2 - Men #58,USA,Bulgaria
0,13708,2022,VNL,Pool 3 - Week 2 - Men #59,Germany,France
0,13709,2022,VNL,Pool 3 - Week 2 - Men #60,Japan,Slovenia
0,13710,2022,VNL,Pool 3 - Week 2 - Men #61,Italy,China
0,13711,2022,VNL,Pool 4 - Week 2 - Men #62,Serbia,Australia
0,13712,2022,VNL,Pool 4 - Week 2 - Men #63,USA,Poland
0,13713,2022,VNL,Pool 4 - Week 2 - Men #64,Bulgaria,Brazil
0,13714,2022,VNL,Pool 5 - Week 3 - Men #65,USA,Germany
0,13715,2022,VNL,Pool 5 - Week 3 - Men #66,Canada,Argentina
0,13716,2022,VNL,Pool 6 - Week 3 - Men #67,Bulgaria,Italy
0,13717,2022,VNL,Pool 6 - Week 3 - Men #68,Iran,Poland
0,13718,2022,VNL,Pool 5 - Week 3 - Men #69,Brazil,Germany
0,13719,2022,VNL,Pool 5 - Week 3 - Men #70,Japan,Australia
0,13720,2022,VNL,Pool 6 - Week 3 - Men #71,Netherlands,China
0,13721,2022,VNL,Pool 6 - Week 3 - Men #72,Slovenia,Serbia
0,13722,2022,VNL,Pool 5 - Week 3 - Men #73,France,USA
0,13723,2022,VNL,Pool 5 - Week 3 - Men #74,Germany,Australia
0,13724,2022,VNL,Pool 5 - Week 3 - Men #75,Canada,Brazil
0,13725,2022,VNL,Pool 6 - Week 3 - Men #76,Italy,Iran
0,13726,2022,VNL,Pool 6 - Week 3 - Men #77,Bulgaria,Slovenia
0,13727,2022,VNL,Pool 6 - Week 3 - Men #78,Poland,China
0,13728,2022,VNL,Pool 5 - Week 3 - Men #79,Argentina,Australia
0,13729,2022,VNL,Pool 5 - Week 3 - Men #80,France,Brazil
0,13730,2022,VNL,Pool 5 - Week 3 - Men #81,Japan,Canada
0,13731,2022,VNL,Pool 6 - Week 3 - Men #82,Bulgaria,Netherlands
0,13732,2022,VNL,Pool 6 - Week 3 - Men #83,Slovenia,Iran
0,13733,2022,VNL,Pool 6 - Week 3 - Men #84,Italy,Serbia
0,13734,2022,VNL,Pool 5 - Week 3 - Men #85,France,Argentina
0,13735,2022,VNL,Pool 5 - Week 3 - Men #86,Canada,USA
0,13736,2022,VNL,Pool 5 - Week 3 - Men #87,Germany,Japan
0,13737,2022,VNL,Pool 6 - Week 3 - Men #88,China,Bulgaria
0,13738,2022,VNL,Pool 6 - Week 3 - Men #89,Iran,Serbia
0,13739,2022,VNL,Pool 6 - Week 3 - Men #90,Poland,Netherlands
0,13740,2022,VNL,Pool 5 - Week 3 - Men #91,USA,Argentina
0,13741,2022,VNL,Pool 5 - Week 3 - Men #92,Australia,France
0,13742,2022,VNL,Pool 5 - Week 3 - Men #93,Brazil,Japan
0,13743,2022,VNL,Pool 6 - Week 3 - Men #94,China,Serbia
0,13744,2022,VNL,Pool 6 - Week 3 - Men #95,Italy,Netherlands
0,13745,2022,VNL,Pool 6 - Week 3 - Men #96,Poland,Slovenia
0,13746,2022,VNL,Quarter-finals - Final Round - Men #97,USA,Brazil
0,13747,2022,VNL,Quarter-finals - Final Round - Men #98,Italy,Netherlands
0,13748,2022,VNL,Quarter-finals - Final Round - Men #99,France,Japan
0,13749,2022,VNL,Quarter-finals - Final Round - Men #100,Poland,Iran
0,13750,2022,VNL,Semi-finals - Final Round - Men #101,Poland,USA
0,13751,2022,VNL,Semi-finals - Final Round - Men #102,Italy,France
0,13752,2022,VNL,3rd Place - Final Round - Men #103,Italy,Poland
0,13753,2022,VNL,Final - Final Round - Men #104,France,USA
0,16128,2023,VNL,Pool 2 - Week 1 - Men #1,Bulgaria,China
0,16129,2023,VNL,Pool 2 - Week 1 - Men #2,Japan,Iran
0,16130,2023,VNL,Pool 1 - Week 1 - Men #3,Italy,Argentina
0,16131,2023,VNL,Pool 1 - Week 1 - Men #4,Canada,Cuba
0,16132,2023,VNL,Pool 2 - Week 1 - Men #5,Slovenia,Serbia
0,16133,2023,VNL,Pool 2 - Week 1 - Men #6,Poland,France
0,16134,2023,VNL,Pool 1 - Week 1 - Men #7,USA,Netherlands
0,16135,2023,VNL,Pool 1 - Week 1 - Men #8,Brazil,Germany
0,16136,2023,VNL,Pool 2 - Week 1 - Men #9,Slovenia,Bulgaria
0,16137,2023,VNL,Pool 2 - Week 1 - Men #10,Serbia,China
0,16138,2023,VNL,Pool 2 - Week 1 - Men #11,Poland,Iran
0,16139,2023,VNL,Pool 1 - Week 1 - Men #12,Netherlands,Cuba
0,16140,2023,VNL,Pool 1 - Week 1 - Men #13,Italy,USA
0,16141,2023,VNL,Pool 1 - Week 1 - Men #14,Argentina,Brazil
0,16142,2023,VNL,Pool 2 - Week 1 - Men #15,China,France
0,16143,2023,VNL,Pool 2 - Week 1 - Men #16,Poland,Bulgaria
0,16144,2023,VNL,Pool 2 - Week 1 - Men #17,Japan,Serbia
0,16145,2023,VNL,Pool 1 - Week 1 - Men #18,Netherlands,Germany
0,16146,2023,VNL,Pool 1 - Week 1 - Men #19,Italy,Cuba
0,16147,2023,VNL,Pool 1 - Week 1 - Men #20,Canada,Argentina
0,16148,2023,VNL,Pool 2 - Week 1 - Men #21,France,Slovenia
0,16149,2023,VNL,Pool 2 - Week 1 - Men #22,Iran,China
0,16150,2023,VNL,Pool 2 - Week 1 - Men #23,Japan,Bulgaria
0,16151,2023,VNL,Pool 1 - Week 1 - Men #24,Germany,Italy
0,16152,2023,VNL,Pool 1 - Week 1 - Men #25,Brazil,Cuba
0,16153,2023,VNL,Pool 1 - Week 1 - Men #26,Canada,USA
0,16154,2023,VNL,Pool 2 - Week 1 - Men #27,Slovenia,Iran
0,16155,2023,VNL,Pool 2 - Week 1 - Men #28,Serbia,Poland
0,16156,2023,VNL,Pool 2 - Week 1 - Men #29,Japan,France
0,16157,2023,VNL,Pool 1 - Week 1 - Men #30,Argentina,Netherlands
0,16158,2023,VNL,Pool 1 - Week 1 - Men #31,USA,Brazil
0,16159,2023,VNL,Pool 1 - Week 1 - Men #32,Canada,Germany
0,16160,2023,VNL,Pool 4 - Week 2 - Men #33,Japan,Canada
0,16161,2023,VNL,Pool 3 - Week 2 - Men #34,Iran,Germany
0,16162,2023,VNL,Pool 3 - Week 2 - Men #35,USA,Serbia
0,16163,2023,VNL,Pool 4 - Week 2 - Men #36,Argentina,Slovenia
0,16164,2023,VNL,Pool 3 - Week 2 - Men #37,Netherlands,China
0,16165,2023,VNL,Pool 4 - Week 2 - Men #38,Brazil,Bulgaria
0,16166,2023,VNL,Pool 4 - Week 2 - Men #39,Japan,Cuba
0,16167,2023,VNL,Pool 3 - Week 2 - Men #40,Iran,Italy
0,16168,2023,VNL,Pool 3 - Week 2 - Men #41,USA,China
0,16169,2023,VNL,Pool 4 - Week 2 - Men #42,Slovenia,Canada
0,16170,2023,VNL,Pool 3 - Week 2 - Men #43,Germany,Poland
0,16171,2023,VNL,Pool 4 - Week 2 - Men #44,Argentina,France
0,16172,2023,VNL,Pool 4 - Week 2 - Men #45,Japan,Brazil
0,16173,2023,VNL,Pool 3 - Week 2 - Men #46,China,Italy
0,16174,2023,VNL,Pool 3 - Week 2 - Men #47,Serbia,Germany
0,16175,2023,VNL,Pool 4 - Week 2 - Men #48,Canada,Bulgaria
0,16176,2023,VNL,Pool 3 - Week 2 - Men #49,Netherlands,Poland
0,16177,2023,VNL,Pool 4 - Week 2 - Men #50,Slovenia,Cuba
0,16178,2023,VNL,Pool 4 - Week 2 - Men #51,Argentina,Bulgaria
0,16179,2023,VNL,Pool 3 - Week 2 - Men #52,Iran,USA
0,16180,2023,VNL,Pool 3 - Week 2 - Men #53,Serbia,Italy
0,16181,2023,VNL,Pool 4 - Week 2 - Men #54,France,Cuba
0,16182,2023,VNL,Pool 4 - Week 2 - Men #55,Japan,Argentina
0,16183,2023,VNL,Pool 3 - Week 2 - Men #56,Poland,USA
0,16184,2023,VNL,Pool 4 - Week 2 - Men #57,Brazil,Slovenia
0,16185,2023,VNL,Pool 3 - Week 2 - Men #58,Netherlands,Iran
0,16186,2023,VNL,Pool 4 - Week 2 - Men #59,Canada,France
0,16187,2023,VNL,Pool 3 - Week 2 - Men #60,China,Germany
0,16188,2023,VNL,Pool 3 - Week 2 - Men #61,Italy,Poland
0,16189,2023,VNL,Pool 4 - Week 2 - Men #62,Bulgaria,Cuba
0,16190,2023,VNL,Pool 3 - Week 2 - Men #63,Netherlands,Serbia
0,16191,2023,VNL,Pool 4 - Week 2 - Men #64,Brazil,France
0,16192,2023,VNL,Pool 6 - Week 3 - Men #65,Brazil,Italy
0,16193,2023,VNL,Pool 6 - Week 3 - Men #66,Japan,China
0,16194,2023,VNL,Pool 5 - Week 3 - Men #67,Argentina,Serbia
0,16195,2023,VNL,Pool 5 - Week 3 - Men #68,Iran,France
0,16196,2023,VNL,Pool 6 - Week 3 - Men #69,Canada,Netherlands
0,16197,2023,VNL,Pool 6 - Week 3 - Men #70,Poland,Slovenia
0,16198,2023,VNL,Pool 5 - Week 3 - Men #71,Germany,Bulgaria
0,16199,2023,VNL,Pool 5 - Week 3 - Men #72,USA,Cuba
0,16200,2023,VNL,Pool 6 - Week 3 - Men #73,Brazil,Netherlands
0,16201,2023,VNL,Pool 6 - Week 3 - Men #74,Canada,Italy
0,16202,2023,VNL,Pool 6 - Week 3 - Men #75,China,Slovenia
0,16203,2023,VNL,Pool 5 - Week 3 - Men #76,Argentina,Germany
0,16204,2023,VNL,Pool 5 - Week 3 - Men #77,Serbia,Cuba
0,16205,2023,VNL,Pool 5 - Week 3 - Men #78,Bulgaria,Iran
0,16206,2023,VNL,Pool 6 - Week 3 - Men #79,Poland,Brazil
0,16207,2023,VNL,Pool 6 - Week 3 - Men #80,Slovenia,Italy
0,16208,2023,VNL,Pool 6 - Week 3 - Men #81,Japan,Netherlands
0,16209,2023,VNL,Pool 5 - Week 3 - Men #82,Serbia,France
0,16210,2023,VNL,Pool 5 - Week 3 - Men #83,Cuba,Germany
0,16211,2023,VNL,Pool 5 - Week 3 - Men #84,USA,Argentina
0,16212,2023,VNL,Pool 6 - Week 3 - Men #85,Brazil,China
0,16213,2023,VNL,Pool 6 - Week 3 - Men #86,Poland,Canada
0,16214,2023,VNL,Pool 6 - Week 3 - Men #87,Japan,Italy
0,16215,2023,VNL,Pool 5 - Week 3 - Men #88,Bulgaria,Serbia
0,16216,2023,VNL,Pool 5 - Week 3 - Men #89,Argentina,Iran
0,16217,2023,VNL,Pool 5 - Week 3 - Men #90,USA,France
0,16218,2023,VNL,Pool 6 - Week 3 - Men #91,China,Canada
0,16219,2023,VNL,Pool 6 - Week 3 - Men #92,Slovenia,Netherlands
0,16220,2023,VNL,Pool 6 - Week 3 - Men #93,Japan,Poland
0,16221,2023,VNL,Pool 5 - Week 3 - Men #94,Cuba,Iran
0,16222,2023,VNL,Pool 5 - Week 3 - Men #95,France,Germany
0,16223,2023,VNL,Pool 5 - Week 3 - Men #96,USA,Bulgaria
0,16224,2023,VNL,Quarter-finals - Final Round - Men #97,USA,France
0,16225,2023,VNL,Quarter-finals - Final Round - Men #98,Italy,Argentina
0,16226,2023,VNL,Quarter-finals - Final Round - Men #99,Japan,Slovenia
0,16227,2023,VNL,Quarter-finals - Final Round - Men #100,Poland,Brazil
0,16228,2023,VNL,Semi-finals - Final Round - Men #101,Japan,Poland
0,16229,2023,VNL,Semi-finals - Final Round - Men #102,USA,Italy
0,16230,2023,VNL,3rd Place - Final Round - Men #103,Japan,Italy
0,16231,2023,VNL,Final - Final Round - Men #104,Poland,USA
0,18853,2024,VNL,Pool 1 - Week 1 - Men #1,Bulgaria,France
0,18854,2024,VNL,Pool 1 - Week 1 - Men #2,Türkiye,Canada
0,18855,2024,VNL,Pool 2 - Week 1 - Men #3,Argentina,Japan
0,18856,2024,VNL,Pool 2 - Week 1 - Men #4,Cuba,Brazil
0,18857,2024,VNL,Pool 1 - Week 1 - Men #5,Netherlands,Slovenia
0,18858,2024,VNL,Pool 1 - Week 1 - Men #6,USA,Poland
0,18859,2024,VNL,Pool 2 - Week 1 - Men #7,Germany,Italy
0,18860,2024,VNL,Pool 2 - Week 1 - Men #8,Iran,Serbia
0,18861,2024,VNL,Pool 1 - Week 1 - Men #9,Slovenia,France
0,18862,2024,VNL,Pool 1 - Week 1 - Men #10,Canada,Poland
0,18863,2024,VNL,Pool 1 - Week 1 - Men #11,Türkiye,Netherlands
0,18864,2024,VNL,Pool 2 - Week 1 - Men #12,Cuba,Germany
0,18865,2024,VNL,Pool 2 - Week 1 - Men #13,Japan,Serbia
0,18866,2024,VNL,Pool 2 - Week 1 - Men #14,Argentina,Brazil
0,18867,2024,VNL,Pool 1 - Week 1 - Men #15,Bulgaria,Canada
0,18868,2024,VNL,Pool 1 - Week 1 - Men #16,France,USA
0,18869,2024,VNL,Pool 1 - Week 1 - Men #17,Netherlands,Poland
0,18870,2024,VNL,Pool 2 - Week 1 - Men #18,Cuba,Japan
0,18871,2024,VNL,Pool 2 - Week 1 - Men #19,Iran,Italy
0,18872,2024,VNL,Pool 2 - Week 1 - Men #20,Serbia,Brazil
0,18873,2024,VNL,Pool 1 - Week 1 - Men #21,Slovenia,Canada
0,18874,2024,VNL,Pool 1 - Week 1 - Men #22,Türkiye,France
0,18875,2024,VNL,Pool 1 - Week 1 - Men #23,Bulgaria,USA
0,18876,2024,VNL,Pool 2 - Week 1 - Men #24,Japan,Italy
0,18877,2024,VNL,Pool 2 - Week 1 - Men #25,Argentina,Germany
0,18878,2024,VNL,Pool 2 - Week 1 - Men #26,Cuba,Iran
0,18879,2024,VNL,Pool 1 - Week 1 - Men #27,Slovenia,Poland
0,18880,2024,VNL,Pool 2 - Week 1 - Men #28,Brazil,Italy
0,18881,2024,VNL,Pool 1 - Week 1 - Men #29,Türkiye,USA
0,18882,2024,VNL,Pool 1 - Week 1 - Men #30,Bulgaria,Netherlands
0,18883,2024,VNL,Pool 2 - Week 1 - Men #31,Serbia,Germany
0,18884,2024,VNL,Pool 2 - Week 1 - Men #32,Iran,Argentina
0,18885,2024,VNL,Pool 3 - Week 2 - Men #33,Germany,Brazil
0,18886,2024,VNL,Pool 3 - Week 2 - Men #34,Poland,Bulgaria
0,18887,2024,VNL,Pool 3 - Week 2 - Men #35,Iran,Japan
0,18888,2024,VNL,Pool 4 - Week 2 - Men #36,Argentina,USA
0,18889,2024,VNL,Pool 4 - Week 2 - Men #37,Canada,Cuba
0,18890,2024,VNL,Pool 3 - Week 2 - Men #38,Slovenia,Türkiye
0,18891,2024,VNL,Pool 3 - Week 2 - Men #39,Germany,Japan
0,18892,2024,VNL,Pool 4 - Week 2 - Men #40,Serbia,Netherlands
0,18893,2024,VNL,Pool 4 - Week 2 - Men #41,France,Italy
0,18894,2024,VNL,Pool 3 - Week 2 - Men #42,Iran,Brazil
0,18895,2024,VNL,Pool 3 - Week 2 - Men #43,Bulgaria,Germany
0,18896,2024,VNL,Pool 3 - Week 2 - Men #44,Poland,Türkiye
0,18897,2024,VNL,Pool 4 - Week 2 - Men #45,Cuba,Netherlands
0,18898,2024,VNL,Pool 4 - Week 2 - Men #46,USA,Italy
0,18899,2024,VNL,Pool 4 - Week 2 - Men #47,Canada,Argentina
0,18900,2024,VNL,Pool 3 - Week 2 - Men #48,Bulgaria,Iran
0,18901,2024,VNL,Pool 3 - Week 2 - Men #49,Brazil,Slovenia
0,18902,2024,VNL,Pool 3 - Week 2 - Men #50,Japan,Poland
0,18903,2024,VNL,Pool 4 - Week 2 - Men #51,Cuba,Italy
0,18904,2024,VNL,Pool 4 - Week 2 - Men #52,France,Netherlands
0,18905,2024,VNL,Pool 4 - Week 2 - Men #53,USA,Serbia
0,18906,2024,VNL,Pool 3 - Week 2 - Men #54,Türkiye,Iran
0,18907,2024,VNL,Pool 3 - Week 2 - Men #55,Poland,Brazil
0,18908,2024,VNL,Pool 3 - Week 2 - Men #56,Japan,Slovenia
0,18909,2024,VNL,Pool 4 - Week 2 - Men #57,Cuba,France
0,18910,2024,VNL,Pool 4 - Week 2 - Men #58,Canada,USA
0,18911,2024,VNL,Pool 4 - Week 2 - Men #59,Serbia,Argentina
0,18912,2024,VNL,Pool 3 - Week 2 - Men #60,Türkiye,Germany
0,18913,2024,VNL,Pool 3 - Week 2 - Men #61,Bulgaria,Slovenia
0,18914,2024,VNL,Pool 4 - Week 2 - Men #62,Italy,Netherlands
0,18915,2024,VNL,Pool 4 - Week 2 - Men #63,Argentina,France
0,18916,2024,VNL,Pool 4 - Week 2 - Men #64,Canada,Serbia
0,18917,2024,VNL,Pool 6 - Week 3 - Men #65,Netherlands,Brazil
0,18918,2024,VNL,Pool 6 - Week 3 - Men #66,Canada,Japan
0,18919,2024,VNL,Pool 5 - Week 3 - Men #67,Bulgaria,Türkiye
0,18920,2024,VNL,Pool 5 - Week 3 - Men #68,Slovenia,Argentina
0,18921,2024,VNL,Pool 6 - Week 3 - Men #69,Germany,France
0,18922,2024,VNL,Pool 6 - Week 3 - Men #70,Iran,USA
0,18923,2024,VNL,Pool 5 - Week 3 - Men #71,Cuba,Serbia
0,18924,2024,VNL,Pool 5 - Week 3 - Men #72,Italy,Poland
0,18925,2024,VNL,Pool 6 - Week 3 - Men #73,Germany,Canada
0,18926,2024,VNL,Pool 6 - Week 3 - Men #74,Iran,Netherlands
0,18927,2024,VNL,Pool 6 - Week 3 - Men #75,Brazil,USA
0,18928,2024,VNL,Pool 5 - Week 3 - Men #76,Türkiye,Argentina
0,18929,2024,VNL,Pool 5 - Week 3 - Men #77,Bulgaria,Italy
0,18930,2024,VNL,Pool 5 - Week 3 - Men #78,Cuba,Slovenia
0,18931,2024,VNL,Pool 6 - Week 3 - Men #79,Iran,France
0,18932,2024,VNL,Pool 6 - Week 3 - Men #80,Canada,Brazil
0,18933,2024,VNL,Pool 6 - Week 3 - Men #81,Netherlands,Japan
0,18934,2024,VNL,Pool 5 - Week 3 - Men #82,Argentina,Poland
0,18935,2024,VNL,Pool 5 - Week 3 - Men #83,Bulgaria,Cuba
0,18936,2024,VNL,Pool 5 - Week 3 - Men #84,Türkiye,Serbia
0,18937,2024,VNL,Pool 6 - Week 3 - Men #85,Germany,USA
0,18938,2024,VNL,Pool 6 - Week 3 - Men #86,Canada,Netherlands
0,18939,2024,VNL,Pool 6 - Week 3 - Men #87,France,Japan
0,18940,2024,VNL,Pool 5 - Week 3 - Men #88,Bulgaria,Argentina
0,18941,2024,VNL,Pool 5 - Week 3 - Men #89,Serbia,Poland
0,18942,2024,VNL,Pool 5 - Week 3 - Men #90,Slovenia,Italy
0,18943,2024,VNL,Pool 6 - Week 3 - Men #91,Germany,Iran
0,18944,2024,VNL,Pool 6 - Week 3 - Men #92,France,Brazil
0,18945,2024,VNL,Pool 6 - Week 3 - Men #93,Japan,USA
0,18946,2024,VNL,Pool 5 - Week 3 - Men #94,Cuba,Poland
0,18947,2024,VNL,Pool 5 - Week 3 - Men #95,Türkiye,Italy
0,18948,2024,VNL,Pool 5 - Week 3 - Men #96,Serbia,Slovenia
0,18949,2024,VNL,Quarter-finals - Final Round - Men #97,Japan,Canada
0,18950,2024,VNL,Quarter-finals - Final Round - Men #98,Poland,Brazil
0,18951,2024,VNL,Quarter-finals - Final Round - Men #99,Italy,France
0,18952,2024,VNL,Quarter-finals - Final Round - Men #100,Slovenia,Argentina
0,18953,2024,VNL,Semi-finals - Final Round - Men #101,Poland,France
0,18954,2024,VNL,Semi-finals - Final Round - Men #102,Slovenia,Japan
0,18955,2024,VNL,3rd Place - Final Round - Men #103,Slovenia,Poland
0,18956,2024,VNL,Final - Final Round - Men #104,Japan,France
0,21437,2025,VNL,Pool 3 - Week 1 - Men #1,Poland,Netherlands
0,21438,2025,VNL,Pool 3 - Week 1 - Men #2,China,Japan
0,21439,2025,VNL,Pool 3 - Week 1 - Men #3,Serbia,Türkiye
0,21440,2025,VNL,Pool 1 - Week 1 - Men #4,Bulgaria,Italy
0,21441,2025,VNL,Pool 2 - Week 1 - Men #5,Ukraine,USA
0,21442,2025,VNL,Pool 1 - Week 1 - Men #6,Argentina,France
0,21443,2025,VNL,Pool 2 - Week 1 - Men #7,Brazil,Iran
0,21444,2025,VNL,Pool 1 - Week 1 - Men #8,Germany,Canada
0,21445,2025,VNL,Pool 2 - Week 1 - Men #9,Slovenia,Cuba
0,21446,2025,VNL,Pool 3 - Week 1 - Men #10,China,Serbia
0,21447,2025,VNL,Pool 3 - Week 1 - Men #11,Poland,Japan
0,21448,2025,VNL,Pool 1 - Week 1 - Men #12,Germany,Italy
0,21449,2025,VNL,Pool 2 - Week 1 - Men #13,Brazil,Cuba
0,21450,2025,VNL,Pool 1 - Week 1 - Men #14,Argentina,Canada
0,21451,2025,VNL,Pool 2 - Week 1 - Men #15,USA,Iran
0,21452,2025,VNL,Pool 3 - Week 1 - Men #16,Japan,Serbia
0,21453,2025,VNL,Pool 3 - Week 1 - Men #17,Netherlands,Türkiye
0,21454,2025,VNL,Pool 1 - Week 1 - Men #18,Bulgaria,Argentina
0,21455,2025,VNL,Pool 2 - Week 1 - Men #19,Ukraine,Cuba
0,21456,2025,VNL,Pool 1 - Week 1 - Men #20,France,Italy
0,21457,2025,VNL,Pool 2 - Week 1 - Men #21,Iran,Slovenia
0,21458,2025,VNL,Pool 3 - Week 1 - Men #22,China,Netherlands
0,21459,2025,VNL,Pool 3 - Week 1 - Men #23,Türkiye,Poland
0,21460,2025,VNL,Pool 2 - Week 1 - Men #24,Ukraine,Brazil
0,21461,2025,VNL,Pool 2 - Week 1 - Men #25,USA,Slovenia
0,21462,2025,VNL,Pool 1 - Week 1 - Men #26,Canada,France
0,21463,2025,VNL,Pool 1 - Week 1 - Men #27,Bulgaria,Germany
0,21464,2025,VNL,Pool 3 - Week 1 - Men #28,Netherlands,Japan
0,21465,2025,VNL,Pool 3 - Week 1 - Men #29,China,Türkiye
0,21466,2025,VNL,Pool 3 - Week 1 - Men #30,Poland,Serbia
0,21467,2025,VNL,Pool 2 - Week 1 - Men #31,Brazil,Slovenia
0,21468,2025,VNL,Pool 1 - Week 1 - Men #32,Argentina,Italy
0,21469,2025,VNL,Pool 2 - Week 1 - Men #33,Ukraine,Iran
0,21470,2025,VNL,Pool 1 - Week 1 - Men #34,Germany,France
0,21471,2025,VNL,Pool 2 - Week 1 - Men #35,Cuba,USA
0,21472,2025,VNL,Pool 1 - Week 1 - Men #36,Bulgaria,Canada
0,21473,2025,VNL,Pool 4 - Week 2 - Men #37,Ukraine,France
0,21474,2025,VNL,Pool 6 - Week 2 - Men #38,Germany,Cuba
0,21475,2025,VNL,Pool 4 - Week 2 - Men #39,Türkiye,Slovenia
0,21476,2025,VNL,Pool 6 - Week 2 - Men #40,Netherlands,Argentina
0,21477,2025,VNL,Pool 4 - Week 2 - Men #41,Bulgaria,Japan
0,21478,2025,VNL,Pool 5 - Week 2 - Men #42,Italy,Poland
0,21479,2025,VNL,Pool 6 - Week 2 - Men #43,Serbia,Iran
0,21480,2025,VNL,Pool 5 - Week 2 - Men #44,Canada,Brazil
0,21481,2025,VNL,Pool 5 - Week 2 - Men #45,China,USA
0,21482,2025,VNL,Pool 4 - Week 2 - Men #46,France,Japan
0,21483,2025,VNL,Pool 6 - Week 2 - Men #47,Netherlands,Germany
0,21484,2025,VNL,Pool 4 - Week 2 - Men #48,Türkiye,Ukraine
0,21485,2025,VNL,Pool 6 - Week 2 - Men #49,Serbia,Cuba
0,21486,2025,VNL,Pool 5 - Week 2 - Men #50,Brazil,China
0,21487,2025,VNL,Pool 5 - Week 2 - Men #51,Canada,USA
0,21488,2025,VNL,Pool 4 - Week 2 - Men #52,Ukraine,Japan
0,21489,2025,VNL,Pool 6 - Week 2 - Men #53,Argentina,Iran
0,21490,2025,VNL,Pool 4 - Week 2 - Men #54,Bulgaria,Slovenia
0,21491,2025,VNL,Pool 6 - Week 2 - Men #55,Netherlands,Cuba
0,21492,2025,VNL,Pool 5 - Week 2 - Men #56,China,Italy
0,21493,2025,VNL,Pool 5 - Week 2 - Men #57,Canada,Poland
0,21494,2025,VNL,Pool 4 - Week 2 - Men #58,Slovenia,France
0,21495,2025,VNL,Pool 6 - Week 2 - Men #59,Germany,Iran
0,21496,2025,VNL,Pool 4 - Week 2 - Men #60,Bulgaria,Türkiye
0,21497,2025,VNL,Pool 6 - Week 2 - Men #61,Serbia,Argentina
0,21498,2025,VNL,Pool 5 - Week 2 - Men #62,Brazil,Italy
0,21499,2025,VNL,Pool 5 - Week 2 - Men #63,USA,Poland
0,21500,2025,VNL,Pool 4 - Week 2 - Men #64,Slovenia,Japan
0,21501,2025,VNL,Pool 6 - Week 2 - Men #65,Iran,Netherlands
0,21502,2025,VNL,Pool 4 - Week 2 - Men #66,Türkiye,France
0,21503,2025,VNL,Pool 6 - Week 2 - Men #67,Cuba,Argentina
0,21504,2025,VNL,Pool 4 - Week 2 - Men #68,Bulgaria,Ukraine
0,21505,2025,VNL,Pool 5 - Week 2 - Men #69,China,Canada
0,21506,2025,VNL,Pool 6 - Week 2 - Men #70,Germany,Serbia
0,21507,2025,VNL,Pool 5 - Week 2 - Men #71,Brazil,Poland
0,21508,2025,VNL,Pool 5 - Week 2 - Men #72,USA,Italy
0,21509,2025,VNL,Pool 9 - Week 3 - Men #73,USA,Japan
0,21510,2025,VNL,Pool 9 - Week 3 - Men #74,Argentina,Brazil
0,21511,2025,VNL,Pool 9 - Week 3 - Men #75,Türkiye,USA
0,21512,2025,VNL,Pool 9 - Week 3 - Men #76,Germany,Japan
0,21513,2025,VNL,Pool 7 - Week 3 - Men #77,China,France
0,21514,2025,VNL,Pool 8 - Week 3 - Men #78,Ukraine,Netherlands
0,21515,2025,VNL,Pool 7 - Week 3 - Men #79,Bulgaria,Cuba
0,21516,2025,VNL,Pool 8 - Week 3 - Men #80,Serbia,Italy
0,21517,2025,VNL,Pool 7 - Week 3 - Men #81,Iran,Poland
0,21518,2025,VNL,Pool 8 - Week 3 - Men #82,Canada,Slovenia
0,21519,2025,VNL,Pool 9 - Week 3 - Men #83,Türkiye,Germany
0,21520,2025,VNL,Pool 9 - Week 3 - Men #84,Argentina,Japan
0,21521,2025,VNL,Pool 7 - Week 3 - Men #85,China,Iran
0,21522,2025,VNL,Pool 8 - Week 3 - Men #86,Ukraine,Italy
0,21523,2025,VNL,Pool 7 - Week 3 - Men #87,Cuba,Poland
0,21524,2025,VNL,Pool 8 - Week 3 - Men #88,Netherlands,Slovenia
0,21525,2025,VNL,Pool 9 - Week 3 - Men #89,Argentina,USA
0,21526,2025,VNL,Pool 9 - Week 3 - Men #90,Brazil,Japan
0,21527,2025,VNL,Pool 7 - Week 3 - Men #91,Cuba,France
0,21528,2025,VNL,Pool 8 - Week 3 - Men #92,Ukraine,Serbia
0,21529,2025,VNL,Pool 7 - Week 3 - Men #93,China,Bulgaria
0,21530,2025,VNL,Pool 8 - Week 3 - Men #94,Netherlands,Canada
0,21531,2025,VNL,Pool 9 - Week 3 - Men #95,Türkiye,Brazil
0,21532,2025,VNL,Pool 9 - Week 3 - Men #96,Germany,USA
0,21533,2025,VNL,Pool 8 - Week 3 - Men #97,Serbia,Canada
0,21534,2025,VNL,Pool 7 - Week 3 - Men #98,Bulgaria,Poland
0,21535,2025,VNL,Pool 7 - Week 3 - Men #99,Iran,France
0,21536,2025,VNL,Pool 8 - Week 3 - Men #100,Slovenia,Italy
0,21537,2025,VNL,Pool 9 - Week 3 - Men #101,Türkiye,Argentina
0,21538,2025,VNL,Pool 9 - Week 3 - Men #102,Germany,Brazil
0,21539,2025,VNL,Pool 8 - Week 3 - Men #103,Ukraine,Canada
0,21540,2025,VNL,Pool 7 - Week 3 - Men #104,China,Cuba
0,21541,2025,VNL,Pool 8 - Week 3 - Men #105,Netherlands,Italy
0,21542,2025,VNL,Pool 7 - Week 3 - Men #106,Bulgaria,Iran
0,21543,2025,VNL,Pool 7 - Week 3 - Men #107,France,Poland
0,21544,2025,VNL,Pool 8 - Week 3 - Men #108,Serbia,Slovenia
0,21545,2025,VNL,Quarter-finals - Final Round - Men #109,Brazil,China
0,21546,2025,VNL,Quarter-finals - Final Round - Men #110,Japan,Poland
0,21547,2025,VNL,Quarter-finals - Final Round - Men #111,Italy,Cuba
0,21548,2025,VNL,Quarter-finals - Final Round - Men #112,France,Slovenia
0,21549,2025,VNL,Semi-finals - Final Round - Men #113,Brazil,Poland
0,21550,2025,VNL,Semi-finals - Final Round - Men #114,Italy,Slovenia
0,21551,2025,VNL,3rd Place - Final Round - Men #115,Brazil,Slovenia
0,21552,2025,VNL,Final - Final Round - Men #116,Poland,Italy
0,13455,2022,WC,Pool B - Preliminary Phase - Men #1,Brazil,Cuba
0,13456,2022,WC,Pool B - Preliminary Phase - Men #2,Japan,Qatar
0,13457,2022,WC,Pool D - Preliminary Phase - Men #3,France,Germany
0,13458,2022,WC,Pool C - Preliminary Phase - Men #4,USA,Mexico
0,13459,2022,WC,Pool C - Preliminary Phase - Men #5,Poland,Bulgaria
0,13460,2022,WC,Pool D - Preliminary Phase - Men #6,Slovenia,Cameroon
0,13461,2022,WC,Pool E - Preliminary Phase - Men #7,Türkiye,China
0,13462,2022,WC,Pool F - Preliminary Phase - Men #8,Netherlands,Egypt
0,13463,2022,WC,Pool F - Preliminary Phase - Men #9,Argentina,Iran
0,13464,2022,WC,Pool A - Preliminary Phase - Men #10,Tunisia,Puerto Rico
0,13465,2022,WC,Pool A - Preliminary Phase - Men #11,Ukraine,Serbia
0,13466,2022,WC,Pool E - Preliminary Phase - Men #12,Italy,Canada
0,13467,2022,WC,Pool B - Preliminary Phase - Men #13,Cuba,Qatar
0,13468,2022,WC,Pool B - Preliminary Phase - Men #14,Brazil,Japan
0,13469,2022,WC,Pool D - Preliminary Phase - Men #15,Germany,Cameroon
0,13470,2022,WC,Pool C - Preliminary Phase - Men #16,USA,Bulgaria
0,13471,2022,WC,Pool C - Preliminary Phase - Men #17,Poland,Mexico
0,13472,2022,WC,Pool D - Preliminary Phase - Men #18,France,Slovenia
0,13473,2022,WC,Pool E - Preliminary Phase - Men #19,Canada,China
0,13474,2022,WC,Pool F - Preliminary Phase - Men #20,Argentina,Netherlands
0,13475,2022,WC,Pool F - Preliminary Phase - Men #21,Iran,Egypt
0,13476,2022,WC,Pool A - Preliminary Phase - Men #22,Serbia,Puerto Rico
0,13477,2022,WC,Pool A - Preliminary Phase - Men #23,Ukraine,Tunisia
0,13478,2022,WC,Pool E - Preliminary Phase - Men #24,Italy,Türkiye
0,13479,2022,WC,Pool B - Preliminary Phase - Men #25,Brazil,Qatar
0,13480,2022,WC,Pool B - Preliminary Phase - Men #26,Japan,Cuba
0,13481,2022,WC,Pool D - Preliminary Phase - Men #27,France,Cameroon
0,13482,2022,WC,Pool C - Preliminary Phase - Men #28,Mexico,Bulgaria
0,13483,2022,WC,Pool C - Preliminary Phase - Men #29,Poland,USA
0,13484,2022,WC,Pool D - Preliminary Phase - Men #30,Slovenia,Germany
0,13485,2022,WC,Pool F - Preliminary Phase - Men #31,Argentina,Egypt
0,13486,2022,WC,Pool E - Preliminary Phase - Men #32,Canada,Türkiye
0,13487,2022,WC,Pool F - Preliminary Phase - Men #33,Iran,Netherlands
0,13488,2022,WC,Pool A - Preliminary Phase - Men #34,Serbia,Tunisia
0,13489,2022,WC,Pool A - Preliminary Phase - Men #35,Ukraine,Puerto Rico
0,13490,2022,WC,Pool E - Preliminary Phase - Men #36,Italy,China
0,13491,2022,WC,Round of 16 - Final Round - Men #37,Slovenia,Germany
0,13492,2022,WC,Round of 16 - Final Round - Men #38,Italy,Cuba
0,13493,2022,WC,Round of 16 - Final Round - Men #39,USA,Türkiye
0,13494,2022,WC,Round of 16 - Final Round - Men #40,Poland,Tunisia
0,13495,2022,WC,Round of 16 - Final Round - Men #41,Netherlands,Ukraine
0,13496,2022,WC,Round of 16 - Final Round - Men #42,France,Japan
0,13497,2022,WC,Round of 16 - Final Round - Men #43,Serbia,Argentina
0,13498,2022,WC,Round of 16 - Final Round - Men #44,Brazil,Iran
0,13499,2022,WC,Quarter-finals - Final Round - Men #45,Italy,France
0,13500,2022,WC,Quarter-finals - Final Round - Men #46,Slovenia,Ukraine
0,13501,2022,WC,Quarter-finals - Final Round - Men #47,Argentina,Brazil
0,13502,2022,WC,Quarter-finals - Final Round - Men #48,Poland,USA
0,13503,2022,WC,Semi-finals - Final Round - Men #49,Poland,Brazil
0,13504,2022,WC,Semi-finals - Final Round - Men #50,Italy,Slovenia
0,13505,2022,WC,3rd Place - Final Round - Men #51,Brazil,Slovenia
0,13506,2022,WC,Final - Final Round - Men #52,Poland,Italy
0,21062,2025,WC,Pool A - Preliminary Phase - Men #1,Philippines,Tunisia
0,21063,2025,WC,Pool D - Preliminary Phase - Men #2,USA,Colombia
0,21064,2025,WC,Pool G - Preliminary Phase - Men #3,Canada,Libya
0,21065,2025,WC,Pool D - Preliminary Phase - Men #4,Cuba,Portugal
0,21066,2025,WC,Pool G - Preliminary Phase - Men #5,Japan,Türkiye
0,21067,2025,WC,Pool E - Preliminary Phase - Men #6,Germany,Bulgaria
0,21068,2025,WC,Pool B - Preliminary Phase - Men #7,Netherlands,Qatar
0,21069,2025,WC,Pool E - Preliminary Phase - Men #8,Slovenia,Chile
0,21070,2025,WC,Pool B - Preliminary Phase - Men #9,Poland,Romania
0,21071,2025,WC,Pool C - Preliminary Phase - Men #10,Argentina,Finland
0,21072,2025,WC,Pool A - Preliminary Phase - Men #11,Iran,Egypt
0,21073,2025,WC,Pool F - Preliminary Phase - Men #12,Ukraine,Belgium
0,21074,2025,WC,Pool H - Preliminary Phase - Men #13,Serbia,Czechia
0,21075,2025,WC,Pool C - Preliminary Phase - Men #14,France,Korea
0,21076,2025,WC,Pool H - Preliminary Phase - Men #15,Brazil,China
0,21077,2025,WC,Pool F - Preliminary Phase - Men #16,Italy,Algeria
0,21078,2025,WC,Pool D - Preliminary Phase - Men #17,Cuba,Colombia
0,21079,2025,WC,Pool G - Preliminary Phase - Men #18,Türkiye,Libya
0,21080,2025,WC,Pool E - Preliminary Phase - Men #19,Germany,Chile
0,21081,2025,WC,Pool G - Preliminary Phase - Men #20,Japan,Canada
0,21082,2025,WC,Pool E - Preliminary Phase - Men #21,Slovenia,Bulgaria
0,21083,2025,WC,Pool B - Preliminary Phase - Men #22,Netherlands,Romania
0,21084,2025,WC,Pool D - Preliminary Phase - Men #23,USA,Portugal
0,21085,2025,WC,Pool B - Preliminary Phase - Men #24,Poland,Qatar
0,21086,2025,WC,Pool H - Preliminary Phase - Men #25,Brazil,Czechia
0,21087,2025,WC,Pool C - Preliminary Phase - Men #26,Argentina,Korea
0,21088,2025,WC,Pool A - Preliminary Phase - Men #27,Iran,Tunisia
0,21089,2025,WC,Pool F - Preliminary Phase - Men #28,Ukraine,Algeria
0,21090,2025,WC,Pool A - Preliminary Phase - Men #29,Philippines,Egypt
0,21091,2025,WC,Pool C - Preliminary Phase - Men #30,France,Finland
0,21092,2025,WC,Pool H - Preliminary Phase - Men #31,Serbia,China
0,21093,2025,WC,Pool F - Preliminary Phase - Men #32,Italy,Belgium
0,21094,2025,WC,Pool D - Preliminary Phase - Men #33,Portugal,Colombia
0,21095,2025,WC,Pool B - Preliminary Phase - Men #34,Qatar,Romania
0,21096,2025,WC,Pool E - Preliminary Phase - Men #35,Bulgaria,Chile
0,21097,2025,WC,Pool G - Preliminary Phase - Men #36,Canada,Türkiye
0,21098,2025,WC,Pool D - Preliminary Phase - Men #37,USA,Cuba
0,21099,2025,WC,Pool B - Preliminary Phase - Men #38,Poland,Netherlands
0,21100,2025,WC,Pool E - Preliminary Phase - Men #39,Slovenia,Germany
0,21101,2025,WC,Pool G - Preliminary Phase - Men #40,Japan,Libya
0,21102,2025,WC,Pool H - Preliminary Phase - Men #41,Brazil,Serbia
0,21103,2025,WC,Pool C - Preliminary Phase - Men #42,Finland,Korea
0,21104,2025,WC,Pool A - Preliminary Phase - Men #43,Egypt,Tunisia
0,21105,2025,WC,Pool F - Preliminary Phase - Men #44,Belgium,Algeria
0,21106,2025,WC,Pool A - Preliminary Phase - Men #45,Philippines,Iran
0,21107,2025,WC,Pool C - Preliminary Phase - Men #46,France,Argentina
0,21108,2025,WC,Pool H - Preliminary Phase - Men #47,Czechia,China
0,21109,2025,WC,Pool F - Preliminary Phase - Men #48,Italy,Ukraine
0,21110,2025,WC,Round of 16 - Final Round - Men #49,Tunisia,Czechia
0,21111,2025,WC,Round of 16 - Final Round - Men #50,Serbia,Iran
0,21112,2025,WC,Round of 16 - Final Round - Men #51,USA,Slovenia
0,21113,2025,WC,Round of 16 - Final Round - Men #52,Bulgaria,Portugal
0,21114,2025,WC,Round of 16 - Final Round - Men #53,Poland,Canada
0,21115,2025,WC,Round of 16 - Final Round - Men #54,Türkiye,Netherlands
0,21116,2025,WC,Round of 16 - Final Round - Men #55,Argentina,Italy
0,21117,2025,WC,Round of 16 - Final Round - Men #56,Belgium,Finland
0,21118,2025,WC,Quarter-finals - Final Round - Men #57,Czechia,Iran
0,21119,2025,WC,Quarter-finals - Final Round - Men #58,USA,Bulgaria
0,21120,2025,WC,Quarter-finals - Final Round - Men #59,Poland,Türkiye
0,21121,2025,WC,Quarter-finals - Final Round - Men #60,Italy,Belgium
0,21122,2025,WC,Semi-finals - Final Round - Men #61,Czechia,Bulgaria
0,21123,2025,WC,Semi-finals - Final Round - Men #62,Poland,Italy
0,21124,2025,WC,3rd Place - Final Round - Men #63,Czechia,Poland
0,21125,2025,WC,Final - Final Round - Men #64,Bulgaria,Italy
0,11344,2021,OG,Pool A - Preliminary Phase - Men #1,Italy,Canada
0,11345,2021,OG,Pool B - Preliminary Phase - Men #2,Brazil,Tunisia
0,11346,2021,OG,Pool B - Preliminary Phase - Men #3,ROC,Argentina
0,11347,2021,OG,Pool A - Preliminary Phase - Men #4,Japan,Venezuela
0,11348,2021,OG,Pool A - Preliminary Phase - Men #5,Poland,Iran
0,11349,2021,OG,Pool B - Preliminary Phase - Men #6,USA,France
0,11350,2021,OG,Pool A - Preliminary Phase - Men #7,Iran,Venezuela
0,11351,2021,OG,Pool B - Preliminary Phase - Men #8,USA,ROC
0,11352,2021,OG,Pool A - Preliminary Phase - Men #9,Poland,Italy
0,11353,2021,OG,Pool B - Preliminary Phase - Men #10,France,Tunisia
0,11354,2021,OG,Pool A - Preliminary Phase - Men #11,Japan,Canada
0,11355,2021,OG,Pool B - Preliminary Phase - Men #12,Brazil,Argentina
0,11356,2021,OG,Pool A - Preliminary Phase - Men #13,Canada,Iran
0,11357,2021,OG,Pool B - Preliminary Phase - Men #14,USA,Tunisia
0,11358,2021,OG,Pool B - Preliminary Phase - Men #15,Argentina,France
0,11359,2021,OG,Pool A - Preliminary Phase - Men #16,Poland,Venezuela
0,11360,2021,OG,Pool A - Preliminary Phase - Men #17,Japan,Italy
0,11361,2021,OG,Pool B - Preliminary Phase - Men #18,Brazil,ROC
0,11362,2021,OG,Pool A - Preliminary Phase - Men #19,Canada,Venezuela
0,11363,2021,OG,Pool B - Preliminary Phase - Men #20,Brazil,USA
0,11364,2021,OG,Pool A - Preliminary Phase - Men #21,Japan,Poland
0,11365,2021,OG,Pool B - Preliminary Phase - Men #22,Argentina,Tunisia
0,11366,2021,OG,Pool A - Preliminary Phase - Men #23,Italy,Iran
0,11367,2021,OG,Pool B - Preliminary Phase - Men #24,ROC,France
0,11368,2021,OG,Pool A - Preliminary Phase - Men #25,Poland,Canada
0,11369,2021,OG,Pool B - Preliminary Phase - Men #26,Brazil,France
0,11370,2021,OG,Pool B - Preliminary Phase - Men #27,ROC,Tunisia
0,11371,2021,OG,Pool A - Preliminary Phase - Men #28,Italy,Venezuela
0,11372,2021,OG,Pool A - Preliminary Phase - Men #29,Japan,Iran
0,11373,2021,OG,Pool B - Preliminary Phase - Men #30,USA,Argentina
0,11374,2021,OG,Quarter-finals - Final Round - Men #31,Poland,France
0,11375,2021,OG,Quarter-finals - Final Round - Men #32,Italy,Argentina
0,11376,2021,OG,Quarter-finals - Final Round - Men #33,Japan,Brazil
0,11377,2021,OG,Quarter-finals - Final Round - Men #34,Canada,ROC
0,11378,2021,OG,Semi-finals - Final Round - Men #35,France,Argentina
0,11379,2021,OG,Semi-finals - Final Round - Men #36,Brazil,ROC
0,11380,2021,OG,Bronze Medal - Final Round - Men #37,Argentina,Brazil
0,11381,2021,OG,Gold Medal - Final Round - Men #38,France,ROC
0,19061,2024,OG,Pool C - Preliminary Phase - Men #1,Japan,Germany
0,19062,2024,OG,Pool B - Preliminary Phase - Men #2,Italy,Brazil
0,19063,2024,OG,Pool B - Preliminary Phase - Men #3,Poland,Egypt
0,19064,2024,OG,Pool C - Preliminary Phase - Men #4,USA,Argentina
0,19065,2024,OG,Pool A - Preliminary Phase - Men #5,France,Serbia
0,19066,2024,OG,Pool A - Preliminary Phase - Men #6,Slovenia,Canada
0,19067,2024,OG,Pool B - Preliminary Phase - Men #7,Italy,Egypt
0,19068,2024,OG,Pool C - Preliminary Phase - Men #8,USA,Germany
0,19069,2024,OG,Pool A - Preliminary Phase - Men #9,Slovenia,Serbia
0,19070,2024,OG,Pool A - Preliminary Phase - Men #10,France,Canada
0,19071,2024,OG,Pool B - Preliminary Phase - Men #11,Poland,Brazil
0,19072,2024,OG,Pool C - Preliminary Phase - Men #12,Japan,Argentina
0,19073,2024,OG,Pool C - Preliminary Phase - Men #13,Argentina,Germany
0,19074,2024,OG,Pool B - Preliminary Phase - Men #14,Brazil,Egypt
0,19075,2024,OG,Pool A - Preliminary Phase - Men #15,France,Slovenia
0,19076,2024,OG,Pool C - Preliminary Phase - Men #16,Japan,USA
0,19077,2024,OG,Pool B - Preliminary Phase - Men #17,Poland,Italy
0,19078,2024,OG,Pool A - Preliminary Phase - Men #18,Canada,Serbia
0,19079,2024,OG,Quarter-finals - Final Round - Men #19,France,Germany
0,19080,2024,OG,Quarter-finals - Final Round - Men #20,USA,Brazil
0,19081,2024,OG,Quarter-finals - Final Round - Men #21,Slovenia,Poland
0,19082,2024,OG,Quarter-finals - Final Round - Men #22,Italy,Japan
0,19083,2024,OG,Semi-finals - Final Round - Men #23,Italy,France
0,19084,2024,OG,Semi-finals - Final Round - Men #24,Poland,USA
0,19085,2024,OG,Bronze Medal - Final Round - Men #25,Italy,USA
0,19086,2024,OG,Gold Medal - Final Round - Men #26,France,Poland
